boy001.jpg	boy
boy002.jpg	boy
boy003.jpg	boy
boy004.jpg	boy
boy006.jpg	boy
boy007.jpg	boy
boy008.jpg	boy
boy009.jpg	boy
boy010.jpg	boy
cat001.jpg	cat
cat002.jpg	cat
cat003.jpg	cat
cat004.jpg	cat
cat005.jpg	cat
cat006.jpg	cat
cat007.jpg	cat
cat008.jpg	cat
cat009.jpg	cat
cat010.jpg	cat
cat011.jpg	cat
cat012.jpg	cat
cat013.jpg	cat
cat014.jpg	cat
cat015.jpg	cat
cat016.jpg	cat
dog001.jpg	dog
dog002.jpg	dog
dog003.jpg	dog
dog004.jpg	dog
dog005.jpg	dog
dog006.jpg	dog
dog007.jpg	dog
dog008.jpg	dog
dog009.jpg	dog
dog010.jpg	dog
dog011.jpg	dog
dog012.jpg	dog
dog013.jpg	dog
dog014.jpg	dog
dog015.jpg	dog
dog016.jpg	dog
girl001.jpg	girl
girl002.jpg	girl
girl003.jpg	girl
girl004.jpg	girl
girl005.jpg	girl
girl006.jpg	girl
girl007.jpg	girl
girl008.jpg	girl
girl009.jpg	girl
girl010.jpg	girl
man001.jpg	man
man002.jpg	man
man003.jpg	man
man004.jpg	man
man005.jpg	man
man006.jpg	man
man007.jpg	man
man008.jpg	man
man009.jpg	man
man010.jpg	man
woman001.jpg	woman
woman002.jpg	woman
woman003.jpg	woman
woman004.jpg	woman
woman005.jpg	woman
woman006.jpg	woman
woman007.jpg	woman
woman008.jpg	woman
woman009.jpg	woman
woman010.jpg	woman
woman011.jpg	woman
woman012.jpg	woman